project,channel_name,follow_type,has_mention,channel_url,refresh_interval,at_time,last_read
FitR,ğŸ“£ï¸±announcements,announcement,,https://discord.com/channels/986075880654778369/987290811106459678,,,1031540974029131827_2022-10-17T12:15:42.288000+00:00
Yuliverse [OFFICIAL],ğŸ”ˆâ”ƒannouncement,announcement,,https://discord.com/channels/919100846887813170/969501135134130178,,,1031518331343224883_2022-10-17T10:45:34.876000+00:00
Hibiki Run,ğŸ“£â”‚announcement,announcement,,https://discord.com/channels/965919863468085279/971016161187754004,,,1019741867841171526_2022-09-14T22:52:47.522000+00:00
Yuliverse [OFFICIAL],ğŸ”Šâ”ƒé€šå‘Š,announcement,,https://discord.com/channels/919100846887813170/998657861209042974,,,1031519936578850837_2022-10-17T10:51:57.594000+00:00
Yuliverse [OFFICIAL],â›â”ƒmintè®¯æ¯,announcement,,https://discord.com/channels/919100846887813170/1022222584059809802,,,1028945792641278012_2022-10-10T08:23:13.854000+00:00
Yuliverse [OFFICIAL],announcementå…¬å‘Š,announcement,,https://discord.com/channels/919100846887813170/1020182920444514385,,,1025340087250202654_2022-09-30T09:36:32.358000+00:00
Yuliverse [OFFICIAL],â­â”ƒmedium-collab,giveaway,,https://discord.com/channels/919100846887813170/1010121843992178708,,,1022167338449113108_2022-09-21T15:28:04.437000+00:00
Yuliverse [OFFICIAL],ğŸâ”ƒpremium-collab,giveaway,,https://discord.com/channels/919100846887813170/1010130810608828477,,,1031562736678748270_2022-10-17T13:42:01.933000+00:00
Yuliverse [OFFICIAL],ğŸ‘‘â”ƒvip-collab,giveaway,,https://discord.com/channels/919100846887813170/1010130930310070312,,,1031042861241741363_2022-10-16T03:16:13.970000+00:00
Yuliverse [OFFICIAL],ğŸ‰â”ƒgiveaway,giveaway,,https://discord.com/channels/919100846887813170/1008649284389974077,,,1027061219191947365_2022-10-05T03:34:36.530000+00:00
Yuliverse [OFFICIAL],ç‰¹åˆ¥æ´»å‹•,giveaway,,https://discord.com/channels/919100846887813170/1008928391774355476,,,1023602754108788927_2022-09-25T14:31:54.199000+00:00
FitR,weekly-fest-quiz,game,,https://discord.com/channels/986075880654778369/1026030500491567215,,,1031218450628100216_2022-10-16T14:53:57.742000+00:00
Hibiki Run,ğŸ“£â”‚beta-updates,announcement,,https://discord.com/channels/965919863468085279/1021173680698556467,,,1027730632618549268_2022-10-11T12:17:36.281000+00:00
Yoshiki Yamazumi Club,ãŠçŸ¥ã‚‰ã›-news,announcement,,https://discord.com/channels/1015847641525006366/1016969998226436179,,,1031788946352508989_2022-10-18T04:43:23.514000+00:00
Yoshiki Yamazumi Club,å…¬å¼-official-giveaway,giveaway,,https://discord.com/channels/1015847641525006366/1016733415887876226,,,1031785773692899419_2022-10-18T04:28:18.101000+00:00
Atsui,ğŸ“¢ï½œannouncements,announcement,,https://discord.com/channels/938933882856800356/963435605851791391,,,1030273002249650206_2022-10-14T00:24:13.033000+00:00
Atsui,ğŸ‰ï½œgiveaways,giveaway,,https://discord.com/channels/938933882856800356/963436483203719189,,,1017812735897120840_2022-09-09T15:07:31.377000+00:00
Sushi Cats,ğŸ±announcements,announcement,,https://discord.com/channels/922400625877209109/922400626816716833,,,1028824880969437274_2022-10-10T00:22:46.265000+00:00
Sushi Cats,ğŸcollabs-dyor,giveaway,,https://discord.com/channels/922400625877209109/922402342102532096,,,1031491172968968233_2022-10-17T08:57:39.815000+00:00
Sushi Cats,ğŸgiveaways,giveaway,,https://discord.com/channels/922400625877209109/922402300796993617,,,1018276228198842408_2022-09-10T21:46:11.460000+00:00
Sushi Cats,ğŸ²rumble-royale,game,,https://discord.com/channels/922400625877209109/945933759537119252,,,1008294888707723326_2022-08-14T08:43:54.681000+00:00
Sushi Cats,ğŸ€„é‡è¦é€šå‘Š,announcement,,https://discord.com/channels/922400625877209109/953274432485466192,,,982508776798167070_2022-06-04T04:59:06.519000+00:00
TRACER,ğŸ“¢ã…£en-announcement,announcement,,https://discord.com/channels/963354950920966144/973800136255868980,,,1031589066241749062_2022-10-17T15:26:39.390000+00:00
TRACER,ğŸ“®ã…£mini-announcement,announcement,,https://discord.com/channels/963354950920966144/1010014991719604255,,,1030340265019457617_2022-10-14T04:44:28.080000+00:00
TRACER,ğŸ¥³ã…£lv20-giveaway,giveaway,,https://discord.com/channels/963354950920966144/998873011727904768,,,1014821935491862568_2022-09-01T09:00:03.901000+00:00
Sleepagotchi,ğŸŠãƒ»sleepboxes-giveaway,giveaway,,https://discord.com/channels/961446120364605540/991448340682256575,,,1031521970044538960_2022-10-17T11:00:02.410000+00:00
Sleepagotchi,ğŸ†ãƒ»competition-announcements,announcement,,https://discord.com/channels/961446120364605540/1008735549537927178,,,1031547558130106370_2022-10-17T12:41:43.085000+00:00
Sleepagotchi,announcements,announcement,,https://discord.com/channels/961446120364605540/977506976059777024,,,1001359153773690930_2022-07-26T05:24:11.918000+00:00
Sleepagotchi,minor-announcements,announcement,,https://discord.com/channels/961446120364605540/980861318724747344,,,1031583248758866020_2022-10-17T15:04:13.751000+00:00
Sleepagotchi,ğŸãƒ»twitter-giveaways,giveaway,,https://discord.com/channels/961446120364605540/989897832406339644,,,1020401769139945593_2022-09-16T18:32:19.911000+00:00
Sleepagotchi,ğŸ‘‘ãƒ»rumble-royale,game,,https://discord.com/channels/961446120364605540/1002280510179004506,,,1031283361106370560_2022-10-16T19:11:53.606000+00:00
Sleepagotchi,ğŸ“¢ãƒ»cn-announcements,announcement,,https://discord.com/channels/961446120364605540/1001960809557147770,,,1012951414688972920_2022-08-27T05:07:16.989000+00:00
DOLL ISLAND,ğŸ“£â”‚announcements,announcement,,https://discord.com/channels/909725161811488838/932446381002600508,,,1030325664211013632_2022-10-14T03:46:20.873000+00:00
DOLL ISLAND,ğŸ“£â”‚minor-announcements,announcement,,https://discord.com/channels/909725161811488838/1026111231385419926,,,1031537897230319647_2022-10-17T12:03:31.820000+00:00
DOLL ISLAND,ğŸâ”‚giveaways,giveaway,,https://discord.com/channels/909725161811488838/944124806511624272,,,1031633521808257054_2022-10-17T18:23:19.383000+00:00
DOLL ISLAND,ğŸ‘¾â”‚rumble-royale,game,,https://discord.com/channels/909725161811488838/939900861415555102,,,1029232843890638961_2022-10-11T03:23:52.205000+00:00
DOLL ISLAND,ğŸâ”‚holder-giveaways,giveaway,,https://discord.com/channels/909725161811488838/963352230000468008,,,966256348335587328_2022-04-20T08:37:45.618000+00:00
Boogie Doggies,â•­ğŸ“¢ãƒ»announcements,announcement,,https://discord.com/channels/961841063276998656/963466130448601099,,,1029302128705032202_2022-10-11T07:59:47.455000+00:00
Boogie Doggies,â”‹ğŸãƒ»giveaway,giveaway,,https://discord.com/channels/961841063276998656/963703291026472990,,,1000941448222474290_2022-07-25T01:43:57.849000+00:00
Boogie Doggies,â”‹ğŸ‘¾ãƒ»rumble,game,,https://discord.com/channels/961841063276998656/966184874677518386,,,1030318666530689104_2022-10-14T03:18:32.496000+00:00
TUKO & Friends,ğŸ””-major-announcements,announcement,,https://discord.com/channels/951682524021665852/953586704902664193,,,1030363344433074186_2022-10-14T06:16:04.538000+00:00
TUKO & Friends,ğŸ“£-minor-announcement,announcement,,https://discord.com/channels/951682524021665852/952767108893261904,,,1019466943968841728_2022-09-14T04:37:52.642000+00:00
TUKO & Friends,ğŸ‰-collab-giveaway,giveaway,,https://discord.com/channels/951682524021665852/983358255206117426,,,1030001545510649896_2022-10-13T06:18:24.953000+00:00
TUKO & Friends,ğŸ-giveaways,giveaway,,https://discord.com/channels/951682524021665852/951899232376356934,,,1030393136997990410_2022-10-14T08:14:27.639000+00:00
TUKO & Friends,ğŸ†-holder-benefit,announcement,,https://discord.com/channels/951682524021665852/953875890985652274,,,
CryptoMaids & Butlers,ğŸ“£ï½œannouncements,announcement,,https://discord.com/channels/876360236909342741/876360240180895757,,,1031183899616890881_2022-10-16T12:37:47.342000+00:00
CryptoMaids & Butlers,ğŸ’Œï½œdear-masters,giveaway,,https://discord.com/channels/876360236909342741/1007275441339510884,,,1031577338414121010_2022-10-17T14:40:03.258000+00:00
NYAVATAR,ğŸ“£ï½œannouncement,announcement,,https://discord.com/channels/977382759444135987/1016729708836171876,,,1030120632832241705_2022-10-13T14:11:37.583000+00:00
ğ•†ğ•‚ â„‚ğ”¸ğ•‹ğ•Š â„‚ğ•ğ•¦ğ•“,â”£ğŸ””ã‚¢ãƒŠã‚¦ãƒ³ã‚¹-ğ”¸ğ•Ÿğ•Ÿğ• ğ•¦ğ•Ÿğ•”ğ•–ğ•,announcement,,https://discord.com/channels/936774784543490079/936776053597274124,,,1030682290000494645_2022-10-15T03:23:27.087000+00:00
ğ•†ğ•‚ â„‚ğ”¸ğ•‹ğ•Š â„‚ğ•ğ•¦ğ•“,â”£ğŸğ”»ğ•šğ•¤ğ•”ğ• ğ•£ğ••-ğ•˜ğ•šğ•§ğ•–ğ•’ğ•¨ğ•’ğ•ª,giveaway,,https://discord.com/channels/936774784543490079/1009434568434139146,,,1031211076714512384_2022-10-16T14:24:39.664000+00:00
ğ•†ğ•‚ â„‚ğ”¸ğ•‹ğ•Š â„‚ğ•ğ•¦ğ•“,â”£ğŸğ•‹ğ•¨ğ•šğ•¥ğ•¥ğ•–ğ•£-ğ•˜ğ•šğ•§ğ•–ğ•’ğ•¨ğ•’ğ•ª,giveaway,,https://discord.com/channels/936774784543490079/936776834215997500,,,1031522276031598664_2022-10-17T11:01:15.363000+00:00
Lucid,ğŸ“¢ãƒ»announcement,announcement,,https://discord.com/channels/994865142808453150/994871279385575485,,,1029920910209200129_2022-10-13T00:57:59.999000+00:00
Lucid,ğŸ“°ãƒ»community-news,announcement,,https://discord.com/channels/994865142808453150/996720308876738630,,,1027875738805870612_2022-10-07T09:31:13.139000+00:00
Lucid,ğŸãƒ»giveaways,giveaway,,https://discord.com/channels/994865142808453150/996701034623795220,,,1030789015282126898_2022-10-15T10:27:32.377000+00:00
AI ART DAO,ğŸ“¢ï½œã‚¢ãƒŠã‚¦ãƒ³ã‚¹,announcement,,https://discord.com/channels/1012330208533164104/1013411304402337822,,,1031355509263044698_2022-10-16T23:58:35.067000+00:00
AI ART DAO,ğŸâ”‚giveaway,giveaway,,https://discord.com/channels/1012330208533164104/1018972729086582834,,,1030210016747200522_2022-10-13T20:06:48.369000+00:00
AI ART DAO,ğŸï½œholder-giveaway,giveaway,,https://discord.com/channels/1012330208533164104/1026490778740076655,,,1031042705423356087_2022-10-16T04:57:06.402000+00:00
TUMUGI (KMGé€²è¡Œä¸­),ğŸ”Šmint-announcementğŸ±,announcement,,https://discord.com/channels/964047860675010580/1010610230171807845,,,1023533102519287910_2022-09-25T09:56:55.867000+00:00
TUMUGI (KMGé€²è¡Œä¸­),ğŸ“£yosiki-announcement,announcement,,https://discord.com/channels/964047860675010580/977060144343035964,,,1031447768394371072_2022-10-17T06:05:11.358000+00:00
TUMUGI (KMGé€²è¡Œä¸­),ğŸ“¢-community-announcement,announcement,,https://discord.com/channels/964047860675010580/984057905072468028,,,1031065231159468032_2022-10-16T04:45:07.374000+00:00
TUMUGI (KMGé€²è¡Œä¸­),kmg-nft-giveaway,giveaway,,https://discord.com/channels/964047860675010580/984827380466073671,,,1026205348249473186_2022-10-02T18:53:40.996000+00:00
TUMUGI (KMGé€²è¡Œä¸­),ğŸğŸ¤–giveawaybot-room,giveaway,,https://discord.com/channels/964047860675010580/984875416969961482,,,1031216533424308224_2022-10-16T14:46:20.645000+00:00
TUMUGI (KMGé€²è¡Œä¸­),ğŸ¹rumble-royale-channel,game,,https://discord.com/channels/964047860675010580/984875250137329664,,,1014521209699967037_2022-08-31T13:05:05.285000+00:00
MotorN,ğŸ‘-announcements,announcement,,https://discord.com/channels/971710076698112020/972040731084611634,,,1030836081379262494_2022-10-15T13:34:33.809000+00:00
MotorN,rumble-royale,game,,https://discord.com/channels/971710076698112020/1018470978457718815,,,1019942299125416017_2022-09-15T12:06:33.723000+00:00
MotorN,ğŸ‰ï½œcollab-giveaway,giveaway,,https://discord.com/channels/971710076698112020/1009707197103611995,,,1010074540606500925_2022-08-19T06:35:36.758000+00:00
BaeCafe,ğŸ¦œâ”‚announcements,announcement,,https://discord.com/channels/977400064886575124/984985941942870016,,,1031760333762740264_2022-10-18T02:47:12.749000+00:00
BaeCafe,ğŸªâ”‚event-announce,announcement,,https://discord.com/channels/977400064886575124/985002100801032212,,,1031673329200943124_2022-10-17T21:01:29.245000+00:00
BaeCafe,ğŸ‰â”‚giveaways,giveaway,,https://discord.com/channels/977400064886575124/977400068816662593,,,1028657748637925466_2022-10-09T13:18:38.812000+00:00
Metaplaces,ğŸ”Šâ”ƒannouncements,announcement,,https://discord.com/channels/937062754181869678/937410937110024312,,,1027922676053979176_2022-10-07T12:37:43.851000+00:00
Metaplaces,ğŸ‰â”ƒpremium-collab,giveaway,,https://discord.com/channels/937062754181869678/951185886962393199,,,1031796540760658070_2022-10-18T05:11:05.170000+00:00
Metaplaces,ğŸâ”ƒcollab-giveaway,giveaway,,https://discord.com/channels/937062754181869678/947196618480975902,,,1031804297798746113_2022-10-18T05:41:54.940000+00:00
Emmaâ€™s Room,ğŸ“£ï½œwl-announce,announcement,,https://discord.com/channels/945318826487197746/1007109726707912786,,,1027418267180089365_2022-10-06T03:13:23.404000+00:00
Emmaâ€™s Room,ğŸ“¢ï½œnanakawa-voice,announcement,,https://discord.com/channels/945318826487197746/949678238274293770,,,1031411889021927474_2022-10-17T03:42:37.049000+00:00
A Little Simmon,ğŸ“¢â”‚announcement,announcement,,https://discord.com/channels/1001734032528248912/1001773246259150879,,,1030342761733435393_2022-10-14T04:54:17.240000+00:00
A Little Simmon,ğŸ“Œâ”‚minting-info,announcement,,https://discord.com/channels/1001734032528248912/1025761061175054466,,,1029387720096755722_2022-10-11T13:39:17.570000+00:00
A Little Simmon,ğŸ‰â”‚giveaway,giveaway,,https://discord.com/channels/1001734032528248912/1001865940650180668,,,1027439564614287400_2022-10-06T04:38:01.108000+00:00
Neko no Mori,â•­ğŸ“¢ãƒ»announcements,announcement,,https://discord.com/channels/938904152497610802/938993880622305331,,,1031749429620916224_2022-10-18T02:04:19.245000+00:00
Neko no Mori,â”ŠğŸ“£ãƒ»mini-announcements,announcement,,https://discord.com/channels/938904152497610802/958159891263008848,,,1031386202898702496_2022-10-17T02:00:33+00:00
Neko no Mori,â”ŠğŸ‰ãƒ»giveaways,giveaway,,https://discord.com/channels/938904152497610802/948780846003941396,,,1031382787145613423_2022-10-17T01:46:58.621000+00:00
Neko no Mori,â”Šâœ¨ãƒ»neko-news,announcement,,https://discord.com/channels/938904152497610802/960712940288364564,,,1024400833124782121_2022-09-27T19:23:11.064000+00:00
THE MOTOR CITY,ğŸ“¢ã†announcement,announcement,,https://discord.com/channels/960395615655854090/960867143468077086,,,1031158315775955015_2022-10-16T10:55:00.476000+00:00
THE MOTOR CITY,ğŸã†collab-giveaways,giveaway,,https://discord.com/channels/960395615655854090/991638351004307496,,,1030665014958366792_2022-10-15T02:14:48.396000+00:00
THE MOTOR CITY,ğŸã†tester-giveaway,giveaway,,https://discord.com/channels/960395615655854090/1019897108897222706,,,1031733490292637766_2022-10-18T01:00:32.767000+00:00
IoM,â•­ğŸ“£announcements,announcement,,https://discord.com/channels/947808973904547850/953993132930900039,,,1030584614579871854_2022-10-14T20:55:19.452000+00:00
HODL-X,ğŸ“¢ã…£hodl-æ–°èå…¬å‘Š,announcement,,https://discord.com/channels/945610454007439420/1026889987301593178,,,1031772335725891594_2022-10-18T03:34:54.240000+00:00
KIZUNA,ğŸ“¢ãƒ»announcements,announcement,,https://discord.com/channels/936087670390673438/947770779439878155,,,1029736587971530782_2022-10-12T12:45:34.153000+00:00
KIZUNA,ğŸ«ãƒ»event-giveaways,giveaway,,https://discord.com/channels/936087670390673438/978215337503903744,,,1026363643077599242_2022-10-03T05:22:41.424000+00:00
KIZUNA,ğŸãƒ»collabs-giveaways,giveaway,,https://discord.com/channels/936087670390673438/981601614160875580,,,1029783609017651231_2022-10-12T15:52:24.844000+00:00
KyÅ«sen ä¼‘æˆ¦,â•­ğŸ“£ãƒ»announcements,announcement,,https://discord.com/channels/945352646460583986/962714105154785330,,,1029773498920480859_2022-10-12T15:12:14.409000+00:00
Petto KÄdo,ğŸ“£â”ƒannouncement,announcement,,https://discord.com/channels/1003596556357861376/1003604862350659616,,,1029289163381547049_2022-10-11T07:17:09.222000+00:00
Petto KÄdo,ğŸ…ğŸ»â”ƒgiveaways,giveaway,,https://discord.com/channels/1003596556357861376/1003596560808017942,,,1031473267569066075_2022-10-17T07:46:30.835000+00:00
Petto KÄdo,ğŸ„â”ƒtwitter-giveaways,giveaway,,https://discord.com/channels/1003596556357861376/1025064648841637970,,,1031538293722067075_2022-10-17T12:04:54.278000+00:00
Petto KÄdo,ğŸ¤–â”ƒrumble,game,,https://discord.com/channels/1003596556357861376/1026550907992805386,,,1031543666772283452_2022-10-17T12:26:15.313000+00:00
æ¡ƒæºéƒ·-Tougenkyou-,ğŸ“£â”‚announcement,announcement,,https://discord.com/channels/1010432727939563630/1010941154595975230,,,1031100096097550386_2022-10-16T07:03:39.823000+00:00
Rug Pull Guardian's server,ğŸ”€ã€Œgiveawaysã€,giveaway,,https://discord.com/channels/1022430985662496812/1022518035686379630,,,1031609861680664677_2022-10-17T16:49:17.409000+00:00
Mochi Mo,ğŸãƒ»fcfs,game,,https://discord.com/channels/1022305292706394163/1025618483385479198,,,1031790950739103806_2022-10-18T04:48:52.405000+00:00
Mochi Mo,ğŸãƒ»giveaways,giveaway,,https://discord.com/channels/1022305292706394163/1025618466012680263,,,1031797901216727053_2022-10-18T05:16:29.528000+00:00
Avant Garde,ğŸ€â”ƒgiveaway-collaboration,giveaway,,https://discord.com/channels/994050675094863893/999966457037328435,,,1031692626761625611_2022-10-17T22:18:10.142000+00:00
OVERBORNE,ğŸ’¬ï¸±announcements,announcement,,https://discord.com/channels/948420954038624317/951682745854205984,,,1031681905684381798_2022-10-17T21:35:34.038000+00:00
OVERBORNE,ğŸ™ï¸±giveaways,giveaway,,https://discord.com/channels/948420954038624317/955334680905928744,,,1031197413727285308_2022-10-16T13:30:22.154000+00:00
OVERBORNE,ğŸ‘‘ï¸±rumble,game,,https://discord.com/channels/948420954038624317/983856400717459456,,,1030914165667282965_2022-10-15T18:44:50.554000+00:00
ğ“‡Œğ“¼ğ“‡‹ğ“Šªğ“ğ“‡‹ğ“„¿ğ“ˆ– ğ“¼ğ“¯ğ“‚§ğ“Šƒ,ğ“‚‹ğ“¢ğ“…“ğ“ƒ€ğ“ƒ­ğ“‡Œ,game,,https://discord.com/channels/1026189081891315732/1026812820949585930,,,1031519147760300073_2022-10-17T10:48:49.525000+00:00
Pawradise,ğŸâ”‹give-aways,giveaway,,https://discord.com/channels/974566329136869406/974566330009280548,,,1031330002567954492_2022-10-16T22:17:13.797000+00:00
R Planet,ğŸâ”‚giveaway,giveaway,,https://discord.com/channels/966386292386578452/1021877481453658142,,,1031732873117564989_2022-10-18T00:58:05.621000+00:00
WAFUKU LOVE ã€œã‚ãµããƒ©ãƒ–ã€œ,â”ğŸ“£ï½œannouncement-english,announcement,,https://discord.com/channels/900142970144174121/1016327930839846942,,,1031335834961588254_2022-10-16T22:40:24.348000+00:00
Gachi,ğŸš¨â”‚announcements,announcement,,https://discord.com/channels/882488039702683658/882488039702683661,,,1030125491652407306_2022-10-13T14:31:37.521000+00:00
Gachi,ğŸâ”‚giveaways,giveaway,,https://discord.com/channels/882488039702683658/882544234211704852,,,1031335834961588254_2022-10-16T22:40:24.348000+00:00
DuDuLab,ğŸ¹ï½œrumble,game,,https://discord.com/channels/1012932804079792132/1027163087586996276,,,1030918223866122321_2022-10-15T19:00:58.104000+00:00
DFTâ€»ã€DMã¯è©æ¬ºã€‘,â”ğŸ“£-announcement,announcement,,https://discord.com/channels/940635506247598180/1018640167403278346,,,1031554693505228800_2022-10-17T13:10:04.291000+00:00
ğŸ‡¯ğŸ‡µ-Tokyo Alternative Girls,â”£ğŸï½œgiveaway-info,giveaway,,https://discord.com/channels/942376101215359026/952528467491180624,,,1031177183558914200_2022-10-16T12:09:58.906000+00:00
ğŸ‡¯ğŸ‡µ-Tokyo Alternative Girls,â”£ğŸ“¢ï½œannouncements,announcement,,https://discord.com/channels/942376101215359026/956385739397038132,,,1030685681380507668_2022-10-15T03:40:02.374000+00:00
"ODEN DAO(AstarCats,ODEN PETS)",ğŸ‰ï½œgiveaways,giveaway,,https://discord.com/channels/954722463940501506/967743527733850132,,,1031458853168099369_2022-10-17T06:49:14.174000+00:00
"ODEN DAO(AstarCats,ODEN PETS)",ğŸ—¡ï½œrumble,game,,https://discord.com/channels/954722463940501506/958578626712985621,,,1031586969286873178_2022-10-17T15:18:19.437000+00:00
Ronin Lucky Cat,ğŸ’¥ï½œå³æ™‚å…¬å‘Šæ¿,announcement,,https://discord.com/channels/945578020649971762/992874613048623304,,,1030685681380507668_2022-10-15T03:40:02.374000+00:00
Coco Taqqi,ğŸŠquick-giveaways,game,,https://discord.com/channels/1003612237627412490/1004435564352765992,,,1031613352042045481_2022-10-17T17:03:09.576000+00:00
Bear_Friends,ã€ŒğŸ“£ã€mini-announcements,announcement,,https://discord.com/channels/1007472582888534120/1007474636734337034,,,1031289530818510938_2022-10-16T19:36:24.580000+00:00
Bear_Friends,ã€ŒğŸ‰ã€giveaways,giveaway,,https://discord.com/channels/1007472582888534120/1007474688890511391,,,1031473296941793300_2022-10-17T07:46:37.838000+00:00
Star Birdies,ğŸ“¢â”‚announcements,announcement,,https://discord.com/channels/1016469015234871394/1016484275652137050,,,1031603167311441950_2022-10-17T16:28:34.446000+00:00
Star Birdies,ğŸ”Šâ”‚minor-announcements,announcement,,https://discord.com/channels/1016469015234871394/1022539628982567055,,,1031617280179720275_2022-10-17T17:19:19.922000+00:00
Star Birdies,ğŸâ”‚giveaways,giveaway,,https://discord.com/channels/1016469015234871394/1016484288134398042,,,1031604152670900306_2022-10-17T16:26:36.275000+00:00
SearchFi,ğŸ‰ã…£public-giveaway,giveaway,,https://discord.com/channels/961242951504261130/961260868513955861,,,1031784295880204318_2022-10-18T04:22:25.763000+00:00
SearchFi,ğŸ‰ã…£superful-giveaway,giveaway,,https://discord.com/channels/961242951504261130/1004017894662881391,,,1031744601050062888_2022-10-18T01:44:41.778000+00:00
Kingu,ã€ŒğŸ“£ã€announcement,announcement,,https://discord.com/channels/981829512230740009/981829514306940944,,,1031722369691164703_2022-10-18T00:16:33.438000+00:00
Kingu,ã€ŒğŸ®ã€rumble-royal,game,,https://discord.com/channels/981829512230740009/982153644784906270,,,1024933222821400636_2022-09-29T06:38:42.659000+00:00
Vivity,ğŸ“£â”‚announcements,announcement,,https://discord.com/channels/1003220642633633792/1003222031342522399,,,1030131822052507678_2022-10-15T13:40:40.595000+00:00
Vivity,ğŸâ”‚giveaway,giveaway,,https://discord.com/channels/1003220642633633792/1003237632421154816,,,1030852453236740126_2022-10-15T14:39:37.164000+00:00
caTank,ğŸ“£-ãŠçŸ¥ã‚‰ã›,announcement,,https://discord.com/channels/1012566778578219040/1012582651741347860,,,1031218583210041404_2022-10-16T14:54:29.352000+00:00
MMMM_OFFICIAL,ğŸï½œgive-aways,giveaway,,https://discord.com/channels/1001818438026674247/1002405333228081283,,,1030852453236740126_2022-10-15T14:39:37.164000+00:00
DreamBeatz!,ğŸ‰ï½œcollab-giveaway,giveaway,,https://discord.com/channels/954984642329583616/954990388328943666,,,1031739489489534987_2022-10-18T01:24:23.087000+00:00
InvestManDao,ğŸ“¢â”‚announcement,announcement,,https://discord.com/channels/933289487121915904/933291224226496523,,,1030338602036637737_2022-10-14T04:37:45.491000+00:00
InvestManDao,ğŸâ”‚public-giveaway,giveaway,,https://discord.com/channels/933289487121915904/943818329926303745,,,1025079049430761576_2022-09-29T16:18:10.432000+00:00
å‘¢å–ƒè²“å­¸é™¢ murmurcats,ğŸ“¢ï½œè²“è²“å…¬å‘Š,announcement,,https://discord.com/channels/928546022861467648/929657082448334938,,,1031349688433123399_2022-10-16T23:35:27.273000+00:00
å‘¢å–ƒè²“å­¸é™¢ murmurcats,ğŸ‰ï½œç§ç¾¤æŠ½ç,giveaway,,https://discord.com/channels/928546022861467648/940903893750136842,,,1029972370447945780_2022-10-13T04:22:29.076000+00:00
Tanukiverse,ğŸ‰â”ƒcollab-wl,giveaway,,https://discord.com/channels/924675060617343037/1008720141112049684,,,1031659600291827792_2022-10-17T20:06:56.018000+00:00
Tanukiverse,ğŸ‰â”ƒpremium-collabs,giveaway,,https://discord.com/channels/924675060617343037/1022077139543146557,,,1029823365206261841_2022-10-12T18:30:23.458000+00:00
TENYA (Free Mint),ğŸ“¯-major-announcements,announcement,,https://discord.com/channels/1001033812203028550/1001033812903460916,,,1031289082845868032_2022-10-16T19:42:31.989000+00:00
TENYA (Free Mint),ğŸº-minor-announcements,announcement,,https://discord.com/channels/1001033812203028550/1001041506192343060,,,1031297207057526895_2022-10-16T20:06:54.738000+00:00
Sweat Economy,ğŸ“¢â”‚announcements,announcement,,https://discord.com/channels/945374789026070618/945374789835571206,,,1031506877235855380_2022-10-17T10:00:04.004000+00:00
STEPN,ğŸ›°ï¸±-announcement,announcement,,https://discord.com/channels/890163015561932840/907818005902295120,,,1029599741673209856_2022-10-12T03:41:47.453000+00:00
XPG,ğŸ“¢ä¸¨å®˜æ–¹å…¬å‘Š,announcement,,https://discord.com/channels/963647114196439091/983205931535990855,,,1027455265060163594_2022-10-06T05:40:24.386000+00:00
XPG,ğŸ“¢ä¸¨æ¬¡è¦å…¬å‘Š,announcement,,https://discord.com/channels/963647114196439091/986930529133789224,,,1030809250676617226_2022-10-15T15:31:07.961000+00:00
Summer Coco,ğŸ“£â”‚announcements,announcement,,https://discord.com/channels/1001517220788191373/1001517221715124256,,,1031507002209341500_2022-10-17T10:00:33.800000+00:00
Summer Coco,ğŸºï½œcoco-giveaway,giveaway,,https://discord.com/channels/1001517220788191373/1022539651485020259,,,1031210655581212693_2022-10-16T15:02:20.415000+00:00
Summer Coco,ğŸï½œraffles,giveaway,,https://discord.com/channels/1001517220788191373/1014535504345178112,,,1031781850991050792_2022-10-18T04:12:42.856000+00:00
AORUS Falcon Warriors Club,ğŸ“£ï½œannouncements,announcement,,https://discord.com/channels/1008667527330664479/1008746908715597864,,,1029599741673209856_2022-10-12T03:41:47.453000+00:00
AORUS Falcon Warriors Club,ğŸï½œgiveaway,giveaway,,https://discord.com/channels/1008667527330664479/1021314943959703552,,,1027455265060163594_2022-10-06T05:40:24.386000+00:00
UEJJ,ğŸï¼ç™½å•æŠ½å¥–ï¼,giveaway,,https://discord.com/channels/986912805477298186/994136870982275122,,,1031804384159465554_2022-10-18T05:42:15.182000+00:00
UEJJ,ğŸ‰ï¼superfulï¼,giveaway,,https://discord.com/channels/986912805477298186/1005039754670260254,,,1030737351191834714_2022-10-15T07:02:14.698000+00:00
KyÅ«sen ä¼‘æˆ¦,â”†ğŸ“£ãƒ»announcements,announcement,,https://discord.com/channels/945352646460583986/1025656859400618044,,,1026499053112008764_2022-10-03T14:21:22.251000+00:00
ğ„ğ­ğ¡ğğ«ğ®ğ¤ğ¨,ğŸ“¢-announcement,announcement,,https://discord.com/channels/997036565161312266/997036565161312269,,,1031239370696560710_2022-10-16T16:17:05.475000+00:00
ğ„ğ­ğ¡ğğ«ğ®ğ¤ğ¨,ğŸ²-give-away,giveaway,,https://discord.com/channels/997036565161312266/1004628387534491719,,,1031397466702090360_2022-10-17T02:45:18.500000+00:00
PROJECT GATTO,ğŸ“¢â”‚announcement,announcement,,https://discord.com/channels/1016023293117075466/1016027070993809418,,,1031265428854550579_2022-10-16T18:00:38.224000+00:00
PROJECT GATTO,ğŸ“‹â”‚giveaway-raffles,giveaway,,https://discord.com/channels/1016023293117075466/1016030217799745547,,,1031632376666791936_2022-10-17T18:18:45.400000+00:00
PROJECT GATTO,âš”â”‚rumble-royale,game,,https://discord.com/channels/1016023293117075466/1030087208629190737,,,1031138380337119353_2022-10-16T09:35:47.497000+00:00
MAKIZUSHI,ğŸ“£ãƒ»announcements,announcement,,https://discord.com/channels/1008585703103410288/1008588698276876408,,,1031134707825528832_2022-10-16T09:21:11.902000+00:00
MAKIZUSHI,ğŸ’¥ãƒ»giveaway,giveaway,,https://discord.com/channels/1008585703103410288/1022542477024047175,,,1031514230169554974_2022-10-17T10:29:17.080000+00:00
Rooit - Play & Chat!,ğŸ¯ï½œä¸­æ–‡å…¬å‘Š,announcement,,https://discord.com/channels/910787224679886928/912957065562038342,,,1031531508156092416_2022-10-17T11:37:56.473000+00:00
Rooit - Play & Chat!,ğŸ’ï½œgiveaway,giveaway,,https://discord.com/channels/910787224679886928/1023156955205861396,,,1031265428854550579_2022-10-16T18:00:38.224000+00:00
Rooit - Play & Chat!,ğŸ’ï½œåˆä½œæŠ½ç,giveaway,,https://discord.com/channels/910787224679886928/912957208982073354,,,1030492888418762793_2022-10-14T14:50:50.231000+00:00
Adorable Kittycorns,ğŸ“¢ï¸±announce-forms,announcement,,https://discord.com/channels/1012694489183309895/1012694490215104635,,,1031211612104818729_2022-10-16T14:26:47.311000+00:00
Adorable Kittycorns,ğŸ¤º-rumble-royale,game,,https://discord.com/channels/1012694489183309895/1027411127182823485,,,1029873969488212059_2022-10-12T21:51:28.459000+00:00
Adorable Kittycorns,ğŸï¸±giveaways,giveaway,,https://discord.com/channels/1012694489183309895/1013441123743715399,,,1029617707634655242_2022-10-12T04:53:10.872000+00:00
Adorable Kittycorns,ğŸï¸±collab-giveaways,giveaway,,https://discord.com/channels/1012694489183309895/1024179531742974032,,,1030827818457767966_2022-10-15T13:02:23.028000+00:00
From Tubes: SOLD OUT,ğŸ“¢â–¸announcement,announcement,,https://discord.com/channels/997789887845650552/1004922584120443020,,,1028675512693968906_2022-10-09T14:29:14.093000+00:00
From Tubes: SOLD OUT,ğŸ’œâ–¸holders-giveaways,giveaway,,https://discord.com/channels/997789887845650552/1026306163484139571,,,1031762713363370014_2022-10-18T02:56:40.090000+00:00
1Minute Alpha,ğŸ“£ã…£announcement,announcement,,https://discord.com/channels/1015675882465148938/1020734200032268318,,,1031211612104818729_2022-10-16T14:26:47.311000+00:00
1Minute Alpha,ğŸ‰ã…£public-giveaway,giveaway,,https://discord.com/channels/1015675882465148938/1021464167716233308,,,1031623244345774180_2022-10-17T17:42:28.085000+00:00
uwucrew,ğŸ“£ãƒ»announcements,announcement,,https://discord.com/channels/825404718657830982/825404718783266853,,,1031370987746377738_2022-10-17T01:00:05.425000+00:00
uwucrew,ğŸ“£ãƒ»community-announcements,announcement,,https://discord.com/channels/825404718657830982/948006234324357150,,,1031709177321631824_2022-10-17T23:23:56.103000+00:00
uwucrew,ğŸ“£ãƒ»events-announcements,announcement,,https://discord.com/channels/825404718657830982/895402626932428830,,,1031634643625181326_2022-10-17T18:27:45.885000+00:00
Flower Lolita,â”œğŸŒï½œannouncement,announcement,,https://discord.com/channels/929608440416968784/944945203071049799,,,1030479273368244236_2022-10-15T05:43:52.873000+00:00
Flower Lolita,â”œğŸ‰ï½œcollab-giveaway,giveaway,,https://discord.com/channels/929608440416968784/960811696044277820,,,1031588469035782254_2022-10-17T15:24:25.876000+00:00
SoudanNFT (Love Addicted Girls),ğŸ‰ï½œannouncement-en,announcement,,https://discord.com/channels/894469112644927528/934770358102392882,,,1026975974283288648_2022-10-04T21:55:52.560000+00:00
SoudanNFT (Love Addicted Girls),ğŸ‰ï½œgiveaway,giveaway,,https://discord.com/channels/894469112644927528/938416468301860884,,,1031537421009031208_2022-10-17T12:01:26.207000+00:00
Zero X Gakuen,ğŸ“«â”ƒannouncements,announcement,,https://discord.com/channels/931353412451319849/937609772692291634,,,1030533824699969557_2022-10-14T17:33:30.201000+00:00
Zero X Gakuen,ğŸŒŸâ”ƒgiveaway,giveaway,,https://discord.com/channels/931353412451319849/937614550524628993,,,1030476469794766909_2022-10-14T13:45:35.726000+00:00
Unknownç„¡åå¾å,ğŸ‰ï½œgiveaway,giveaway,,https://discord.com/channels/930371558453694484/1025386778242330776,,,1030479273368244236_2022-10-15T05:43:52.873000+00:00
Unknownç„¡åå¾å,ğŸ“£ï½œä¸»è¦å…¬å‘Š,announcement,,https://discord.com/channels/930371558453694484/963071569612136458,,,1025460168126894132_2022-09-30T17:32:36.210000+00:00
Leo Studio é‡Œæ­,ğŸ“£ï½œå…¬å‘Š,announcement,,https://discord.com/channels/962262543747923978/962305534898348032,,,1031586512632029235_2022-10-17T15:16:30.562000+00:00
Leo Studio é‡Œæ­,ğŸï½œæ´»å‹•å…¬å‘Š,announcement,,https://discord.com/channels/962262543747923978/980736834529288232,,,1031534474342707250_2022-10-17T11:49:58.756000+00:00
Leo Studio é‡Œæ­,ğŸ“£ï½œcollab,giveaway,,https://discord.com/channels/962262543747923978/1019547683779772456,,,1030055438571536404_2022-10-13T12:12:54.243000+00:00
Leo Studio é‡Œæ­,ğŸ‰ï½œgiveaway,giveaway,,https://discord.com/channels/962262543747923978/963060527096021043,,,1030850650747191346_2022-10-15T14:32:27.417000+00:00
Leo Studio é‡Œæ­,ğŸ“„ï½œrumble-å¤§é€ƒæ®º,game,,https://discord.com/channels/962262543747923978/1006161306228883516,,,1030841091865464872_2022-10-15T13:54:28.402000+00:00
PANDAOğŸ¼ğŸ±,ğŸ“¢announcement,announcement,,https://discord.com/channels/908240596932624434/996217656292151376,,,1031770669605720106_2022-10-18T03:28:17.006000+00:00
Kyomugao: Despair Face,ğŸ“¢ï½œannounce,announcement,,https://discord.com/channels/948941913225068614/954372957789114458,,,1030816037035331654_2022-10-15T12:14:54.865000+00:00
Kyomugao: Despair Face,ğŸï½œgiveaway,giveaway,,https://discord.com/channels/948941913225068614/980437548029591612,,,1031244882775380089_2022-10-16T16:38:59.657000+00:00
Nyolings,ğŸ“¯â”ƒannouncements,announcement,,https://discord.com/channels/929918286894874654/963509636378542130,,,1031672045102186558_2022-10-17T20:56:45.340000+00:00
Nyolings,ğŸ‰â”ƒgiveaways,giveaway,,https://discord.com/channels/929918286894874654/983077637771628634,,,
NamiLand(ãƒŠãƒŸãƒ©ãƒ³ãƒ‰),ğŸ“¢ï½œannouncement,announcement,,https://discord.com/channels/1001039809990631515/1009089796901191700,,,1031244882775380089_2022-10-16T16:38:59.657000+00:00
Budda Bears,ğŸ“£ãƒ»announcements,announcement,,https://discord.com/channels/1008605377144827946/1016685568400314448,,,1031666030067580968_2022-10-17T20:32:28.996000+00:00
Mitama ãƒŸã‚¿ãƒ,ğŸ“¢ï¸±announcements,announcement,,https://discord.com/channels/986207449822404639/1007134961121382460,,,1031461457520504892_2022-10-17T06:59:35.100000+00:00
Second Dimension,ğŸ“¢â”‚announcements-ãŠçŸ¥ã‚‰ã›,announcement,,https://discord.com/channels/1012233318927958066/1012238179396485130,,,1031525625833463858_2022-10-17T11:18:45.322000+00:00
Second Dimension,giveaways,giveaway,,https://discord.com/channels/1012233318927958066/1023215588656558080,,,1031604541638070282_2022-10-17T16:28:09.012000+00:00
Idamura,ğŸ“°â”ƒannouncement,announcement,,https://discord.com/channels/999239557147009106/1002105770483134515,,,1031778858023780422_2022-10-18T04:00:49.277000+00:00
Idamura,ğŸâ”ƒgiveaways,giveaway,,https://discord.com/channels/999239557147009106/1016589115875143681,,,1030456105530306562_2022-10-14T12:24:40.507000+00:00
Ghost Buddy,ğŸ“£announcements,announcement,,https://discord.com/channels/999230791966019615/999541862991925299,,,1031321947306459146_2022-10-16T21:45:31.532000+00:00
Ghost Buddy,ğŸgiveaway,giveaway,,https://discord.com/channels/999230791966019615/999527053558808636,,,1031045964087173130_2022-10-16T03:28:33.746000+00:00
CryptoWilson / å¨è™ç¤¾ WTC ğŸ¯,ğŸï½œgiveaway-ä¸€è™Ÿè²©è³£æ©Ÿ,giveaway,,https://discord.com/channels/932201815234195457/932209324518961162,,,1031647447941910670_2022-10-17T19:18:38.672000+00:00
CryptoWilson / å¨è™ç¤¾ WTC ğŸ¯,ğŸï½œgiveaway-äºŒè™Ÿè²©è³£æ©Ÿ,giveaway,,https://discord.com/channels/932201815234195457/940281058937671700,,,1031088804712435753_2022-10-16T10:20:21.893000+00:00
CryptoWilson / å¨è™ç¤¾ WTC ğŸ¯,ğŸ°ï½œgiveaway-è‡¨æ™‚è²©è³£æ©Ÿ,game,,https://discord.com/channels/932201815234195457/945630716316745739,,,1031696395280846888_2022-10-17T22:33:08.627000+00:00
RichMama DAO ï½œ ã¸ã‚“ãŸã„Gå“¥,ğŸ“£ï½œå…¨é«”å…¬å‘Š-announcement,announcement,,https://discord.com/channels/871770120928772106/965810936495603762,,,1031525405422784524_2022-10-17T11:13:41.468000+00:00
RichMama DAO ï½œ ã¸ã‚“ãŸã„Gå“¥,ğŸ‰ï½œgiveaway,giveaway,,https://discord.com/channels/871770120928772106/952245265061007420,,,1031750929038454819_2022-10-18T02:09:50.488000+00:00
RichMama DAO ï½œ ã¸ã‚“ãŸã„Gå“¥,ğŸ“£ï½œé€±é€±æŠ½6å€‹66u,giveaway,,https://discord.com/channels/871770120928772106/1023002300534497351,,,1030836295695614024_2022-10-15T13:35:24.906000+00:00
YogaPetz,ğŸï½œgiveaway,giveaway,,https://discord.com/channels/930328152117485569/957849893945360394,,,1012746817911398543_2022-08-26T15:35:15.054000+00:00
The Saudis,ğŸ‰ãƒ»giveaways,giveaway,,https://discord.com/channels/989976603243188224/989998167347056730,,,1030546068011765822_2022-10-14T18:22:09.234000+00:00
æ¡ƒæºéƒ·-Tougenkyou-,ğŸ¤—â”‚mod-announce,announcement,,https://discord.com/channels/1010432727939563630/1016704642056454154,,,1031174689063714856_2022-10-16T12:00:04.172000+00:00
CryptoWilson / å¨è™ç¤¾ WTC ğŸ¯,ğŸ“£ï½œgiveaway-å…¬å‘Šç¾¤,announcement,,https://discord.com/channels/932201815234195457/945591878936576020,,,1030839986670542948_2022-10-15T13:50:04.903000+00:00
CryptoWilson / å¨è™ç¤¾ WTC ğŸ¯,ğŸ’ï½œæŠ½çé›†æ•£åœ°ï¼ˆpremintã€alphabotã€superfulã€and-so-onï¼‰,giveaway,,https://discord.com/channels/932201815234195457/997491257569988698,,,1031595001978835054_2022-10-17T15:50:14.580000+00:00
Facade NFT,ğŸ“¢ã€¡announcements,announcement,,https://discord.com/channels/1006536315115950121/1006540408605659226,,,1031482789406715934_2022-10-17T08:25:51.081000+00:00
Facade NFT,ğŸã€¡giveaways,giveaway,,https://discord.com/channels/1006536315115950121/1006540618882887700,,,1031483758605504513_2022-10-17T08:28:12.093000+00:00
MUGEN Genesis,ğŸ“¢ï½œannouncement,announcement,,https://discord.com/channels/968190263975637072/1011672745899208805,,,1031217220581347469_2022-10-16T14:49:04.476000+00:00
MUGEN Genesis,ğŸï½œgiveaway,giveaway,,https://discord.com/channels/968190263975637072/1012368076794232843,,,1031771476560461854_2022-10-18T03:31:29.399000+00:00
MUGEN Genesis,ğŸ‘¾ï½œrumble,game,,https://discord.com/channels/968190263975637072/1023969201502814208,,,1031189622857941002_2022-10-16T12:59:24.666000+00:00
Vivity,ğŸâ”‚collab-giveaway,giveaway,,https://discord.com/channels/1003220642633633792/1019757130275885089,,,1031502427054145546_2022-10-17T09:42:22.998000+00:00
Kingu,ã€ŒğŸ“£ã€mod-announcement,announcement,,https://discord.com/channels/981829512230740009/981829514306940946,,,1031713904952365117_2022-10-17T23:42:43.258000+00:00
Kingu,ã€ŒğŸ‰ã€giveaways,giveaway,,https://discord.com/channels/981829512230740009/981829514604728352,,,1031533499980709919_2022-10-17T11:45:51.361000+00:00
SearchFi,ğŸ“ã…£announce-eg,announcement,,https://discord.com/channels/961242951504261130/961244619511853076,,,1031252246438105098_2022-10-16T17:14:27.140000+00:00
Alpha Beesâ”‚é˜¿çˆ¾æ³•èœœèœ‚,ğŸ“£â”‚announcement-å…¬å‘Š,announcement,,https://discord.com/channels/942488667669282836/943247002991472680,,,1031233142129967139_2022-10-16T15:52:25.595000+00:00
Alpha Beesâ”‚é˜¿çˆ¾æ³•èœœèœ‚,ğŸ’â”‚giveaway-info-é‡é»æŠ½ç,giveaway,,https://discord.com/channels/942488667669282836/998156062085623818,,,1031788007172354048_2022-10-18T04:37:10.604000+00:00
Alpha Beesâ”‚é˜¿çˆ¾æ³•èœœèœ‚,ğŸ‰â”‚bee-giveaway-å°ˆå±¬æŠ½ç,giveaway,,https://discord.com/channels/942488667669282836/943452046584086568,,,1031805669311004712_2022-10-18T05:47:21.586000+00:00
Bear_Friends,ã€Œâš”ã€rumble-time,game,,https://discord.com/channels/1007472582888534120/1011533395047759953,,,1031559436143177769_2022-10-17T13:28:55.024000+00:00
Bear_Friends,ã€ŒğŸ“¢ã€announcements,announcement,,https://discord.com/channels/1007472582888534120/1007474614525493311,,,1030432943199494214_2022-10-14T10:52:38.177000+00:00
Monoverse,ğŸ“¢ï½œannouncements,announcement,,https://discord.com/channels/932374611159552002/989106366784360468,,,1030846459832193135_2022-10-16T14:12:57.437000+00:00
Monoverse,ğŸ±ï½œannouncements,announcement,,https://discord.com/channels/932374611159552002/996041864597745764,,,1030911079506792539_2022-10-15T18:32:34.756000+00:00
Monoverse,ğŸ”¥ï½œevents-announcements,announcement,,https://discord.com/channels/932374611159552002/999915853938163773,,,1031541517816434718_2022-10-17T12:20:16.722000+00:00
Kiddo,ğŸ“¢â”‚announcements,announcement,,https://discord.com/channels/970635132170031147/1007915951850799124,,,1030841008612716545_2022-10-15T21:36:47.838000+00:00
å¤äº‹è¨˜project ãã‚Šã·ã¨ï¼,ğŸ“¢ï½œannouncement-en,announcement,,https://discord.com/channels/968402524996509696/1028280354903183370,,,1031034136258936973_2022-10-16T02:41:33.772000+00:00
HOSHIBOSHI,ğŸŒ¸announcements,announcement,,https://discord.com/channels/1020613741588520990/1020687008894570616,,,1030153772636319875_2022-10-13T16:23:18.728000+00:00
Tsukimi,ğŸï½œgiveaway,giveaway,,https://discord.com/channels/966226867050922034/1021748757936734258,,,1031593516226334750_2022-10-17T15:44:20.349000+00:00
Coco Taqqi,ğŸ“¢announcement,announcement,,https://discord.com/channels/1003612237627412490/1004431772374798418,,,1030432943199494214_2022-10-14T10:52:38.177000+00:00
Coco Taqqi,ğŸ ğ–¯ğ–¾ğ—‹ğ–¿ğ–¾ğ–¼ğ—-giveaway,giveaway,,https://discord.com/channels/1003612237627412490/1004435070746120212,,,1030033594019745832_2022-10-13T08:25:45.913000+00:00
Coco Taqqi,ğŸ’collab-giveaways,giveaway,,https://discord.com/channels/1003612237627412490/1005899237705400440,,,1031639642484772894_2022-10-17T18:47:37.706000+00:00
KOYÃ‰,ğŸ¬â•­announcements,announcement,,https://discord.com/channels/691187053139853345/964180780672765993,,,1031763870110457897_2022-10-18T03:01:43.407000+00:00
KOYÃ‰,ğŸ¤â•­collabs,giveaway,,https://discord.com/channels/691187053139853345/993469727806599249,,,1030782951958511676_2022-10-15T10:03:26.768000+00:00
KOYÃ‰,ğŸ¥‡â•°collab-vip,giveaway,,https://discord.com/channels/691187053139853345/993469909432545381,,,1031034136258936973_2022-10-16T02:41:33.772000+00:00
Ronin Lucky Cat,ğŸ“¢ï½œé‡è¦å…¬å‘Šæ¿,announcement,,https://discord.com/channels/945578020649971762/976379184702177300,,,1030766009147203584_2022-10-16T07:30:27.425000+00:00
Ronin Lucky Cat,ğŸï½œæŠ½ç,giveaway,,https://discord.com/channels/945578020649971762/945579625478782997,,,1031129708408090625_2022-10-16T09:01:19.948000+00:00
ã‚‰ã‚”ã‚‰ã¼ï¼LUVLABO,â™¡announcements,announcement,,https://discord.com/channels/998235851085590588/998235852322897922,,,1030822082533138503_2022-10-15T12:38:56.224000+00:00
ã‚‰ã‚”ã‚‰ã¼ï¼LUVLABO,âš”rumble,game,,https://discord.com/channels/998235851085590588/1017704151649628183,,,1028401255606923364_2022-10-08T20:19:26.108000+00:00
Tiny Penpen Collection,ğŸ“¢ï½œannounce,announcement,,https://discord.com/channels/965433614336659468/1010554430669738137,,,1031467480440373308_2022-10-17T07:23:31.076000+00:00
"ODEN DAO(AstarCats,ODEN PETS)",ğŸ“£ï½œannouncement,announcement,,https://discord.com/channels/954722463940501506/955147637898760192,,,1030363993258348575_2022-10-14T06:18:39.230000+00:00
"ODEN DAO(AstarCats,ODEN PETS)",ğŸ“£ï½œannouncement,announcement,,https://discord.com/channels/954722463940501506/1020520711909019658,,,1031587263609581568_2022-10-17T15:19:29.609000+00:00
"ODEN DAO(AstarCats,ODEN PETS)",ğŸ‰ï½œgiveaways,giveaway,,https://discord.com/channels/954722463940501506/1029267051732275230,,,1030134513789055047_2022-10-13T15:06:47.061000+00:00
Colorful Gate,âš”ï½œãƒ©ãƒ³ãƒ–ãƒ«gate,game,,https://discord.com/channels/1011646792795959316/1016711853562417222,,,1031561262666109009_2022-10-17T13:36:10.501000+00:00
Colorful Gate,ğŸ“£ï½œé‹å–¶ã‹ã‚‰ã®ãŠçŸ¥ã‚‰ã›,announcement,,https://discord.com/channels/1011646792795959316/1018407787996381235,,,1030479536502095974_2022-10-14T13:57:46.886000+00:00
ğŸ‡¯ğŸ‡µ-Tokyo Alternative Girls,â”£ğŸ‰ï½œcollabo-giveaway,giveaway,,https://discord.com/channels/942376101215359026/975911432128446464,,,1031514230513471639_2022-10-17T10:29:17.162000+00:00
ğŸ‡¯ğŸ‡µ-Tokyo Alternative Girls,â”£ğŸ“¢ï½œå…¬å¼ã‚¢ãƒŠã‚¦ãƒ³ã‚¹,announcement,,https://discord.com/channels/942376101215359026/984658513127145492,,,1031479068174061608_2022-10-17T08:09:33.807000+00:00
ğŸ‡¯ğŸ‡µ-Tokyo Alternative Girls,â”£ğŸ“¢ï½œå…¬å‘Š,announcement,,https://discord.com/channels/942376101215359026/986545615330746400,,,1030686685119402014_2022-10-15T03:41:12.311000+00:00
DuDuLab,ğŸ”Šï½œannouncement,announcement,,https://discord.com/channels/1012932804079792132/1013634928942006273,,,1031611507898843219_2022-10-17T16:55:49.898000+00:00
DuDuLab,ğŸï½œgiveaway,giveaway,,https://discord.com/channels/1012932804079792132/1013646018165887057,,,1031557297815699476_2022-10-17T13:20:25.207000+00:00
AlphaSharks (NFT),ğŸ“£ï¸°major,announcement,,https://discord.com/channels/940528870669570079/945248589570015252,,,1017055339646046268_2022-09-07T13:32:29.474000+00:00
PenguPlatform,ğŸ™â”‚announcements,announcement,,https://discord.com/channels/990097643139108896/990103230258229278,,,1031707986550333480_2022-10-17T23:19:43.051000+00:00
PenguPlatform,ğŸ¥Šâ”‚rumble-royale,game,,https://discord.com/channels/990097643139108896/1030612955617820702,,,1030616060233265182_2022-10-14T23:00:16.680000+00:00
Kings_Gorge,ğŸ“¢-ä¸­æ–‡å…¬å‘Šæ ,announcement,,https://discord.com/channels/1001546543372967967/1001766978442231889,,,1031073828765454397_2022-10-16T05:19:17.203000+00:00
Kings_Gorge,ğŸ-alphabot-1,giveaway,,https://discord.com/channels/1001546543372967967/1018876330789576808,,,1031425158822498324_2022-10-17T04:36:08.944000+00:00
Kings_Gorge,ğŸ-alphabot-2,giveaway,,https://discord.com/channels/1001546543372967967/1020562554793242656,,,1031804222624251904_2022-10-18T05:41:36.669000+00:00
Kings_Gorge,ğŸ-alphabot-3,giveaway,,https://discord.com/channels/1001546543372967967/1022406397595500584,,,1031572274895147080_2022-10-17T14:19:56.021000+00:00
Kings_Gorge,ğŸ-alphabot-4,giveaway,,https://discord.com/channels/1001546543372967967/1027832612368171028,,,1031607359862214727_2022-10-17T16:39:20.929000+00:00
Kings_Gorge,ğŸ-alphabot-5,giveaway,,https://discord.com/channels/1001546543372967967/1027833482350702612,,,1031545255352344606_2022-10-17T12:32:34.060000+00:00
Kings_Gorge,ğŸ-alphabot-6,giveaway,,https://discord.com/channels/1001546543372967967/1029318882407763988,,,1031796738022985749_2022-10-18T05:11:52.201000+00:00
R Planet,ğŸ“£â”‚announcements,announcement,,https://discord.com/channels/966386292386578452/966489178172952586,,,1031642289338064937_2022-10-17T18:58:08.765000+00:00
BAYPLAY,ğŸ“£ï½œannouncements,announcement,,https://discord.com/channels/993700804412317716/993812608924794882,,,1031252650286649374_2022-10-16T17:09:51.576000+00:00
BAYPLAY,ğŸï½œgiveaway,giveaway,,https://discord.com/channels/993700804412317716/994183877117620306,,,1031783431643856907_2022-10-18T04:18:59.713000+00:00
Pawradise,ğŸ“£â”‹announcements,announcement,,https://discord.com/channels/974566329136869406/974566329514328112,,,1031073828765454397_2022-10-16T05:19:17.203000+00:00
Whiko Land,ğŸ“¢ï½œannouncement,announcement,,https://discord.com/channels/1014094808643551382/1014156376521592912,,,1031555488212586496_2022-10-17T13:13:13.764000+00:00
Whiko Land,ğŸï½œgiveaways,giveaway,,https://discord.com/channels/1014094808643551382/1014176089670696970,,,1031175991114076190_2022-10-16T12:05:14.605000+00:00
Silhouettes,ğŸ“¢â”‚announcements,announcement,,https://discord.com/channels/1026334201865326592/1027529961218777168,,,1031761850544701491_2022-10-18T02:53:14.378000+00:00
Silhouettes,ğŸâ”‚giveaway,giveaway,,https://discord.com/channels/1026334201865326592/1028605385613000854,,,1031396975591051310_2022-10-17T02:43:21.410000+00:00
Silhouettes,âš”â”‚rumble,game,,https://discord.com/channels/1026334201865326592/1029293432088309850,,,1031549265434128485_2022-10-17T12:48:30.138000+00:00
Avant Garde,ğŸ“¢â”ƒannouncements,announcement,,https://discord.com/channels/994050675094863893/994072447072608336,,,1030274069821665290_2022-10-14T00:21:19.812000+00:00
Avant Garde,ğŸâ”ƒgiveaway,giveaway,,https://discord.com/channels/994050675094863893/998230049868222504,,,1031408793445208195_2022-10-17T03:30:19.006000+00:00
0913 ErrorCode,ğŸ“¢ï½œannouncement,announcement,,https://discord.com/channels/973836545289240626/976415699230683146,,,1031472670065307648_2022-10-17T07:44:08.379000+00:00
0913 ErrorCode,ğŸ‰ï½œcollab-giveaway,giveaway,,https://discord.com/channels/973836545289240626/1007178838968643614,,,1031172203875676160_2022-10-16T11:50:11.657000+00:00
Mochi Mo,ğŸ“¢ãƒ»announcements,announcement,,https://discord.com/channels/1022305292706394163/1025614750664634378,,,1031659697838772245_2022-10-17T20:07:19.275000+00:00
DeBox,ğŸ“¢ä¸¨announcement,announcement,,https://discord.com/channels/1001405558135472158/1001413468223701062,,,1030810156453347399_2022-10-15T11:51:32.825000+00:00
DeBox,ğŸä¸¨giveaway,giveaway,,https://discord.com/channels/1001405558135472158/1001417617342484563,,,1031586928673443850_2022-10-17T15:18:09.754000+00:00
DreamBeatz!,ğŸ“¢ï½œannouncements,announcement,,https://discord.com/channels/954984642329583616/955672566503202866,,,1031800638511779860_2022-10-18T05:27:22.150000+00:00
HOOKHOOKCLUB,ğŸ‡ºğŸ‡¸â”‚announcement,announcement,,https://discord.com/channels/1013625462007799858/1013627171941662760,,,1031566203447152762_2022-10-17T13:55:48.475000+00:00
HOOKHOOKCLUB,ğŸ-giveaways,giveaway,,https://discord.com/channels/1013625462007799858/1030716180106854451,,,1030721012997816440_2022-10-15T05:57:19.369000+00:00
HOOKHOOKCLUB,ğŸ¤-collab-giveaway,giveaway,,https://discord.com/channels/1013625462007799858/1030719407539896341,,,1031486074922467338_2022-10-17T08:37:24.346000+00:00
HOOKHOOKCLUB,ğŸ‘‘-vip-collab,giveaway,,https://discord.com/channels/1013625462007799858/1030719032879480883,,,1031569958758518907_2022-10-17T14:10:43.811000+00:00
æ¡ƒæºéƒ·-Tougenkyou-,ğŸ‰â”‚giveaway,giveaway,,https://discord.com/channels/1010432727939563630/1016603292391985212,,,1031195609895546910_2022-10-16T13:23:12.087000+00:00
æ¡ƒæºéƒ·-Tougenkyou-,ğŸ—¡â”‚rumble,game,,https://discord.com/channels/1010432727939563630/1016704719890165781,,,1031202213378412665_2022-10-16T13:49:26.480000+00:00
The Saudis,ğŸ“¢ãƒ»announcements,announcement,,https://discord.com/channels/989976603243188224/989995341879345182,,,1031202213378412665_2022-10-16T13:49:26.480000+00:00
MMMM_OFFICIAL,â­ï½œannouncement,announcement,,https://discord.com/channels/1001818438026674247/1002404408707006485,,,1031802595594997810_2022-10-18T05:35:08.755000+00:00
MashiroAI NFTã€€ğŸ¤çœŸç™½AIğŸ¤,ğŸ‡ºğŸ‡¸â”£announce-en,announcement,,https://discord.com/channels/1029651571446923314/1029791012190683166,,,1031499755295092777_2022-10-17T09:31:46.001000+00:00
Crypto Wanco NFT,ğŸ“£ï½œã‚¢ãƒŠã‚¦ãƒ³ã‚¹,announcement,,https://discord.com/channels/1027608989044854794/1028867513020325908,,,1029769413349605436_2022-10-12T14:56:00.333000+00:00
Classy Cats,ğŸ“¢ï¸±announcement,announcement,,https://discord.com/channels/970473876029067275/1017292405738836009,,,1031771691828920330_2022-10-18T03:32:20.723000+00:00
Classy Cats,ğŸ²ï¸±rumble-royale,game,,https://discord.com/channels/970473876029067275/1022801669551034418,,,1031164858546270278_2022-10-16T11:21:00.394000+00:00
Classy Cats,ğŸ¤ï¸±collab-giveaway,giveaway,,https://discord.com/channels/970473876029067275/1019072895542108170,,,1031662097416859648_2022-10-17T20:16:51.379000+00:00
EniKuma World,ğŸ“¢â”ƒã‚¢ãƒŠã‚¦ãƒ³ã‚¹-announcement,announcement,,https://discord.com/channels/962995261267918868/1005823301320458272,,,1031522068484870144_2022-10-17T11:00:25.880000+00:00
Love Your Life NFT,ğŸ”Šannouncements,announcement,,https://discord.com/channels/954523462679011429/954524013487603752,,,1031532443804647505_2022-10-17T11:41:39.549000+00:00
Love Your Life NFT,ğŸ‰collab-giveaways,giveaway,,https://discord.com/channels/954523462679011429/954524034018705418,,,1031656920454549575_2022-10-17T19:56:17.095000+00:00
Love Your Life NFT,ğŸ‰eth-giveaways,giveaway,,https://discord.com/channels/954523462679011429/1025340261607415808,,,1031135333435318312_2022-10-16T09:23:41.059000+00:00
YogaPetz,ğŸ“¢ï½œannouncement,announcement,,https://discord.com/channels/930328152117485569/957846912692809759,,,1031231935399346306_2022-10-16T15:47:32.762000+00:00
YogaPetz,ğŸï½œcollab-giveaway,giveaway,,https://discord.com/channels/930328152117485569/979769979966722119,,,1031799251484819466_2022-10-18T05:21:51.457000+00:00
Moon Toons,ğŸ“£â”†announcements,announcement,,https://discord.com/channels/926759871913816094/926761203181695037,,,1030753178746105906_2022-10-15T08:05:08.281000+00:00
Moon Toons,ğŸ‰â”†giveaways,giveaway,,https://discord.com/channels/926759871913816094/926761209804513310,,,1031631183198560306_2022-10-17T18:14:00.855000+00:00
Moon Toons,âš”â”†rumble-royale,game,,https://discord.com/channels/926759871913816094/954224280923684904,,,1031248316362661888_2022-10-16T16:53:15.994000+00:00
Webacy/Grimmies,ğŸ“£announcements,announcement,,https://discord.com/channels/923679243920101376/923679244503117826,,,1031276041731309618_2022-10-16T18:42:48.531000+00:00
Webacy/Grimmies,ğŸgiveaways,giveaway,,https://discord.com/channels/923679243920101376/948011519369691156,,,1031098006180724746_2022-10-16T06:55:38.309000+00:00
Emmaâ€™s Room,ğŸª¬ï½œinformation,announcement,,https://discord.com/channels/945318826487197746/1001895991001227265,,,1031790844757422143_2022-10-18T04:48:27.137000+00:00
,,,,,,,1031151020614627378_2022-10-16T10:26:01.174000+00:00
,,,,,,,1030585765983436871_2022-10-14T20:59:53.968000+00:00
,,,,,,,1031231935399346306_2022-10-16T15:47:32.762000+00:00
,,,,,,,1031170484261359616_2022-10-16T11:43:21.669000+00:00
,,,,,,,1031276041731309618_2022-10-16T18:42:48.531000+00:00
Yoshiki Yamazumi Club,news-for-holders,announcement,,https://discord.com/channels/1015847641525006366/1029014568330084362,,,1031650856250114118_2022-10-17T19:32:11.276000+00:00
KIZUNA,ğŸ’£ãƒ»rumble,game,,https://discord.com/channels/936087670390673438/990416435308265533,,,1031723647410372648_2022-10-18T00:21:26.041000+00:00
AI Rein,ğŸŠï½œcollab-giveaways,giveaway,,https://discord.com/channels/956134359587516426/1002796155643629598,,,1031532767407775746_2022-10-17T11:43:54.557000+00:00
Tiny Penpen Collection,ğŸ“¢ï½œannounce-å‘ŠçŸ¥,announcement,,https://discord.com/channels/965433614336659468/965434734652035092,,,1031467576464781312_2022-10-17T07:23:53.970000+00:00
0913 ErrorCode,ğŸ™ï½œocat-planetğŸ±,announcement,,https://discord.com/channels/973836545289240626/1024985226037973003,,,1029590500350631986_2022-10-12T03:05:04.150000+00:00
NYAVATAR,ğŸˆï½œnÃ©konÃ©ko-rumble,game,,https://discord.com/channels/977382759444135987/1024845192978759732,,,1031774289667571712_2022-10-18T03:42:40.096000+00:00
caTank,ğŸˆ-ã«ã‚ƒã‚“ã¶ã‚‹â™¡,game,,https://discord.com/channels/1012566778578219040/1019181253263622227,,,1031565215034253312_2022-10-17T13:51:52.819000+00:00
Tsukimi,ğŸºï½œannouncements,announcement,,https://discord.com/channels/966226867050922034/993255646436786256,,,1031612852261355560_2022-10-17T17:10:06.358000+00:00
Alpha 101,ğŸãƒ»101-wl-giveaway,giveaway,,https://discord.com/channels/945953234462322729/946039675339046942,,,1031714341407436820_2022-10-17T23:44:27.317000+00:00
Alpha 101,ğŸ®ãƒ»rumble-royale,game,,https://discord.com/channels/945953234462322729/954964937942380584,,,1023274337005993994_2022-09-24T16:46:53.460000+00:00
